sport,sub_skill,videos_published,videos_rejected,published_beginner,published_intermediate,published_advanced,published_youtube,published_tiktok,published_instagram
badminton,choosing-a-badminton-racket,35,24,22,13,0,31,2,2
badminton,badminton-rules,34,15,31,3,0,28,2,4
badminton,badminton-warm-up,35,10,26,9,0,30,3,2
badminton,grip-technique,39,45,21,15,3,30,5,4
badminton,serve-low,40,39,21,14,5,33,3,4
badminton,serve-high,33,130,25,6,2,24,3,6
badminton,return-of-serve,35,12,4,26,5,30,3,2
badminton,footwork-split-step,35,23,11,18,6,28,4,3
badminton,footwork-front-court,35,38,14,20,1,31,3,1
badminton,footwork-rear-court,35,45,13,11,11,31,4,0
badminton,forehand-clear,31,87,19,8,4,26,4,1
badminton,lift,36,63,10,17,9,28,5,3
badminton,net-shot,35,47,7,23,5,30,2,3
badminton,drop-shot,37,60,14,14,9,32,4,1
badminton,push,27,201,12,14,1,22,2,3
badminton,drive,34,91,9,18,7,30,3,1
badminton,defense-block,39,21,7,19,13,30,4,5
badminton,defense-lift,40,28,12,18,10,31,5,4
badminton,forehand-smash,33,63,13,11,9,23,10,0
badminton,doubles-rotation,40,45,4,30,6,35,4,1
badminton,singles-strategy,34,51,5,21,8,29,5,0
badminton,serve-flick,32,78,17,15,0,28,3,1
badminton,net-kill,33,17,11,21,1,29,3,1
badminton,cross-court-net-shot,36,31,5,26,5,29,6,1
badminton,around-the-head,32,115,3,18,11,25,4,3
badminton,stringing-and-tension,42,70,18,14,10,33,6,3
badminton,wrist-rotation,35,39,10,16,9,31,4,0
badminton,deception,41,17,4,18,19,34,6,1
badminton,jump-smash,40,9,11,20,9,33,3,4
badminton,backhand-clear,41,42,16,21,4,32,5,4
badminton,backhand-smash,35,87,7,20,8,30,4,1
badminton,mixed-doubles-tactics,36,13,5,22,9,30,3,3
bjj,bjj-for-beginners,38,14,25,11,2,32,4,2
bjj,bjj-belt-system,34,29,19,12,3,29,4,1
bjj,breakfalls,33,34,32,1,0,28,4,1
bjj,hip-escape-shrimp,38,4,26,10,2,30,5,3
bjj,bridging,35,20,17,13,5,29,5,1
bjj,posture-and-base,33,16,20,8,5,29,2,2
bjj,closed-guard,41,1,10,18,13,31,5,5
bjj,mount,40,2,10,18,12,31,5,4
bjj,side-control,41,3,13,15,13,30,6,5
bjj,mount-escape,41,3,20,16,5,30,5,6
bjj,side-control-escape,40,8,9,26,5,35,0,5
bjj,scissor-sweep,40,9,17,20,3,32,4,4
bjj,armbar,40,12,13,13,14,33,2,5
bjj,half-guard,41,1,3,17,21,31,6,4
bjj,back-control,42,9,9,14,19,35,4,3
bjj,back-escape,38,13,13,15,10,34,4,0
bjj,hip-bump-sweep,40,9,21,17,2,33,3,4
bjj,americana,40,8,14,21,5,34,3,3
bjj,kimura,37,2,9,15,13,30,3,4
bjj,rear-naked-choke,40,6,16,15,9,35,0,5
bjj,triangle-choke,36,13,8,15,13,30,3,3
bjj,guillotine-choke,43,8,11,23,9,33,5,5
bjj,breaking-closed-guard,36,28,16,12,8,31,0,5
bjj,toreando-pass,35,13,9,18,8,31,3,1
bjj,knee-cut-pass,40,9,6,23,11,32,4,4
bjj,competition-points-and-rules,33,58,18,9,6,28,2,3
bjj,gi-vs-no-gi,34,93,9,15,10,30,3,1
bjj,arm-triangle,35,6,6,16,13,28,5,2
bjj,open-guard,41,9,7,21,13,33,4,4
bjj,guard-retention,34,8,4,22,8,28,5,1
bjj,butterfly-guard,38,6,5,16,17,30,4,4
bjj,butterfly-sweep,35,4,7,19,9,29,5,1
bjj,knee-on-belly,35,5,8,19,8,28,3,4
bjj,turtle-position,41,0,3,21,17,32,6,3
bjj,leg-drag-pass,38,6,9,13,16,29,4,5
bjj,double-leg-takedown,37,4,14,19,4,29,4,4
bjj,single-leg-takedown,47,4,10,28,9,37,5,5
bjj,omoplata,39,3,8,14,17,30,6,3
bjj,de-la-riva-guard,40,4,5,23,12,30,4,6
boxing,choosing-boxing-gloves,40,8,32,5,3,34,5,1
boxing,hand-wrapping,40,26,31,7,2,30,6,4
boxing,stance-guard,51,66,24,19,8,44,4,3
boxing,jab,75,17,22,32,21,68,2,5
boxing,cross,54,38,17,21,16,48,4,2
boxing,footwork,64,28,24,25,15,59,3,2
boxing,shadow-boxing,64,24,27,23,14,56,3,5
boxing,heavy-bag-work,71,27,31,34,6,64,3,4
boxing,boxer-skip,36,19,32,4,0,26,4,6
boxing,hook,70,21,14,31,25,63,4,3
boxing,uppercut,44,46,14,19,11,39,4,1
boxing,defense-blocking,58,33,22,24,12,51,5,2
boxing,combinations,59,29,14,32,13,54,4,1
boxing,head-movement-slipping,70,20,18,34,18,65,5,0
boxing,body-punching,33,29,5,20,8,28,3,2
boxing,pad-work,40,8,13,23,4,34,5,1
boxing,distance-range,37,7,13,19,5,27,4,6
boxing,sparring-fundamentals,36,16,19,15,2,33,3,0
boxing,counter-punching,38,10,6,24,8,32,3,3
boxing,feinting,37,15,7,24,6,27,4,6
boxing,double-end-bag,40,19,30,8,2,31,5,4
boxing,cutting-off-the-ring,40,22,16,20,4,31,5,4
boxing,beating-a-southpaw,34,24,5,22,7,25,5,4
chess,rules-for-beginners,32,127,29,1,2,24,2,6
chess,notation,36,5,31,5,0,31,2,3
chess,opening-principles,36,40,27,6,3,31,4,1
chess,hanging-pieces-and-blunders,34,27,20,14,0,29,3,2
chess,how-to-study-chess,35,30,16,18,1,31,3,1
chess,punishing-scholars-mate,38,6,14,21,3,30,5,3
chess,forks,36,48,16,15,5,29,5,2
chess,pins-and-skewers,33,17,19,9,5,29,3,1
chess,back-rank-mate,31,23,13,14,4,27,2,2
chess,king-and-rook-checkmate,41,11,36,4,1,31,6,4
chess,checkmate-patterns,40,9,14,17,9,36,3,1
chess,discovered-attacks,40,37,26,7,7,32,3,5
chess,how-to-analyze-your-games,37,24,9,23,5,32,3,2
chess,italian-game,37,3,6,19,12,32,4,1
chess,london-system,36,6,10,20,6,30,3,3
chess,opening-traps,40,3,11,26,3,30,5,5
chess,king-and-pawn-endgames,41,2,25,13,3,30,5,6
chess,how-to-calculate,34,7,5,26,3,30,3,1
chess,smothered-mate,35,17,23,10,2,22,7,6
chess,when-to-trade-pieces,37,35,5,26,6,32,1,4
chess,pawn-structure,35,11,10,17,8,29,3,3
chess,rook-endgames,39,3,12,16,11,30,6,3
chess,sicilian-defense,40,4,11,20,9,31,4,5
chess,attacking-the-castled-king,39,13,4,18,17,34,4,1
chess,outposts-and-weak-squares,34,16,6,24,4,31,3,0
chess,good-bishop-vs-bad-bishop,35,51,12,14,9,31,1,3
chess,middlegame-planning,36,10,10,18,8,31,3,2
chess,lucena-position,41,3,25,13,3,30,6,5
chess,bishop-and-knight-checkmate,34,29,16,11,7,29,4,1
chess,visualization-training,35,22,15,14,6,32,3,0
climbing,bouldering-for-beginners,39,20,32,6,1,29,5,5
climbing,choosing-climbing-shoes,37,15,27,5,5,31,4,2
climbing,climbing-warm-up,36,4,25,7,4,28,4,4
climbing,how-to-fall-safely,33,58,23,8,2,23,8,2
climbing,climbing-footwork,35,6,19,14,2,31,0,4
climbing,climbing-grades-explained,33,141,19,7,7,28,3,2
climbing,how-to-put-on-a-harness,33,48,30,1,2,30,1,2
climbing,how-to-tie-a-figure-8,42,16,30,10,2,33,4,5
climbing,top-rope-belaying,38,75,26,6,6,31,3,4
climbing,reading-routes,34,82,20,11,3,27,5,2
climbing,flagging,33,14,18,10,5,25,3,5
climbing,rockover,28,83,13,12,3,18,5,5
climbing,body-tension,35,14,8,21,6,28,3,4
climbing,slab-climbing,36,55,17,13,6,32,3,1
climbing,mantle,26,86,13,9,4,16,3,7
climbing,crimp-grip,39,11,17,15,7,29,6,4
climbing,resting-on-the-wall,28,191,10,14,4,17,6,5
climbing,clipping-quickdraws,35,13,24,9,2,30,3,2
climbing,lead-belaying,31,115,15,10,6,25,2,4
climbing,heel-hook,43,8,17,21,5,33,5,5
climbing,toe-hook,41,60,13,23,5,31,5,5
climbing,drop-knee,36,32,18,17,1,25,5,6
climbing,dyno,35,42,8,12,15,30,2,3
climbing,hangboard-training,35,23,16,14,5,29,4,2
cycling,how-to-ride-a-bike,28,263,28,0,0,22,5,1
cycling,choosing-first-bike,33,50,27,5,1,28,2,3
cycling,bike-fit-basics,36,80,22,10,4,33,2,1
cycling,braking-technique,36,102,21,13,2,33,3,0
cycling,gear-shifting,38,72,22,13,3,33,4,1
cycling,riding-in-traffic,36,61,25,10,1,31,1,4
cycling,puncture-repair,39,41,30,7,2,33,2,4
cycling,cycling-in-the-rain,36,57,28,6,2,30,4,2
cycling,pedaling-efficiency,42,72,7,23,12,34,3,5
cycling,cornering,39,84,18,15,6,31,5,3
cycling,climbing-technique,38,80,9,20,9,32,3,3
cycling,descending,35,41,19,14,2,29,4,2
cycling,group-riding,36,49,24,9,3,31,4,1
cycling,chain-cleaning,41,25,28,11,2,37,4,0
cycling,fuelling-hydration,38,54,20,12,6,36,2,0
cycling,clipping-in-clipless,35,88,31,3,1,31,2,2
cycling,cleat-position,36,7,14,15,7,28,4,4
cycling,brake-adjustment,35,1,19,12,4,31,3,1
cycling,gear-adjustment,42,9,23,17,2,34,4,4
cycling,replacing-a-bike-chain,39,22,26,13,0,30,4,5
cycling,tubeless-tyre-setup,44,7,28,16,0,34,6,4
cycling,indoor-training,36,14,25,10,1,32,3,1
cycling,strength-training-for-cyclists,42,20,23,16,3,35,4,3
cycling,training-zones,33,6,11,13,9,27,5,1
cycling,cycling-sprint,32,80,5,20,7,28,2,2
golf,how-to-choose-golf-clubs,36,14,27,9,0,30,5,1
golf,golf-rules-for-beginners,34,177,26,7,1,28,2,4
golf,golf-etiquette,31,96,28,3,0,26,2,3
golf,golf-grip,38,10,24,13,1,28,5,5
golf,posture,42,8,23,17,2,31,5,6
golf,alignment,37,6,22,13,2,29,4,4
golf,ball-position,43,1,19,20,4,31,6,6
golf,golf-swing-basics,40,4,18,19,3,30,5,5
golf,golf-warm-up,35,7,24,8,3,31,1,3
golf,driving-range-practice,40,8,13,25,2,32,4,4
golf,iron-shots,42,2,9,30,3,30,6,6
golf,chipping,44,0,22,20,2,32,6,6
golf,putting-stroke,40,10,16,21,3,36,0,4
golf,how-to-hit-a-driver,43,1,12,28,3,32,5,6
golf,pitching,47,5,16,26,5,35,6,6
golf,putting-distance-control,39,5,13,24,2,29,4,6
golf,how-to-stop-slicing,36,7,12,20,4,30,5,1
golf,how-to-stop-hooking,47,5,4,37,6,35,6,6
golf,fairway-woods,48,4,18,29,1,36,6,6
golf,bunker-shots,44,0,17,18,9,32,6,6
golf,reading-greens,37,8,13,19,5,33,4,0
golf,course-management,43,8,6,27,10,33,6,4
golf,wedge-distance-control,37,9,16,17,4,31,4,2
golf,uneven-lies,42,2,14,22,6,31,6,5
golf,punch-shot,43,9,16,24,3,33,5,5
golf,golf-mental-game,38,16,13,22,3,31,6,1
golf,how-to-hit-a-draw,42,2,9,25,8,30,6,6
gym-men,training-split-basics,41,64,19,16,6,32,6,3
gym-men,mobility-warm-up,54,35,36,15,3,50,3,1
gym-men,core-bracing,39,40,21,15,3,30,5,4
gym-men,barbell-squat,47,48,17,23,7,36,5,6
gym-men,bench-press,42,45,8,27,7,32,5,5
gym-men,deadlift,40,86,12,21,7,32,4,4
gym-men,overhead-press,33,88,10,17,6,29,4,0
gym-men,pull-up-progression,45,47,20,18,7,33,6,6
gym-men,dumbbell-row,34,36,14,18,2,29,5,0
gym-men,lunge-split-squat,36,5,17,16,3,28,5,3
gym-men,recovery-habits,38,68,27,11,0,31,2,5
gym-men,pallof-press,35,9,28,4,3,24,5,6
gym-men,fat-loss-nutrition,60,34,35,17,8,56,2,2
gym-men,bulking-nutrition,37,24,17,16,4,33,3,1
gym-men,barbell-row,40,26,8,28,4,32,6,2
gym-men,dips,38,14,15,17,6,27,6,5
gym-men,arm-training,41,51,1,28,12,36,3,2
gym-men,calf-raises,40,8,22,14,4,34,4,2
gym-men,hamstring-training,34,20,10,18,6,30,3,1
gym-men,farmers-walk,35,20,24,7,4,31,3,1
gym-men,creatine,40,9,27,11,2,36,3,1
gym-men,cardio-for-lifters,40,11,10,28,2,31,5,4
gym-men,lifting-belt,46,12,27,17,2,32,8,6
gym-men,front-squat,37,12,15,19,3,30,5,2
gym-men,kettlebell-swing,38,12,25,13,0,28,5,5
gym-men,shoulder-health,41,67,14,24,3,36,2,3
gym-men,hypertrophy-programming,54,21,9,30,15,46,4,4
gym-men,power-clean,43,21,24,19,0,34,6,3
gym-women,gym-confidence,37,63,32,5,0,32,3,2
gym-women,beginner-lifting-program,34,21,32,2,0,29,1,4
gym-women,mobility-stability,35,51,20,8,7,28,4,3
gym-women,goblet-squat,45,42,32,13,0,35,5,5
gym-women,glute-bridge-hip-thrust,42,25,22,18,2,32,6,4
gym-women,romanian-deadlift,39,31,20,17,2,27,6,6
gym-women,dumbbell-bench-press,34,34,22,12,0,30,3,1
gym-women,lat-pulldown,41,50,22,18,1,29,6,6
gym-women,dumbbell-cable-row,35,12,24,8,3,30,3,2
gym-women,recovery-habits,27,93,17,8,2,23,2,2
gym-women,nutrition-for-strength,38,121,12,21,5,35,1,2
gym-women,bulgarian-split-squat,34,5,16,15,3,30,3,1
gym-women,cycle-aware-training,37,63,20,13,4,29,4,4
gym-women,fat-loss-nutrition,38,35,21,15,2,32,2,4
gym-women,cardio-with-lifting,27,73,6,21,0,21,2,4
gym-women,pelvic-floor-aware-lifting,37,82,25,10,2,29,1,7
gym-women,lifting-while-pregnant,33,37,19,12,2,27,3,3
gym-women,postpartum-core,35,8,26,5,4,29,3,3
gym-women,barbell-back-squat,33,33,17,15,1,29,3,1
gym-women,deadlift,37,6,24,13,0,27,6,4
gym-women,overhead-press,36,17,23,12,1,31,5,0
gym-women,pull-up-progression,43,15,31,9,3,32,7,4
gym-women,lower-body-hypertrophy,41,85,11,23,7,33,3,5
gym-women,upper-body-hypertrophy,36,52,9,20,7,31,3,2
muay-thai,choosing-gloves-and-shin-guards,33,14,28,5,0,29,4,0
muay-thai,thai-style-hand-wrapping,37,11,33,2,2,32,0,5
muay-thai,stance,37,5,22,10,5,27,6,4
muay-thai,guard,33,24,12,16,5,19,9,5
muay-thai,footwork,38,9,19,15,4,33,4,1
muay-thai,jab,34,33,8,21,5,27,5,2
muay-thai,straight-punch,33,21,17,14,2,29,3,1
muay-thai,teep,40,7,14,20,6,33,4,3
muay-thai,roundhouse-kick,45,4,19,21,5,36,6,3
muay-thai,shadow-boxing,35,8,17,14,4,32,2,1
muay-thai,hook,43,8,13,22,8,32,5,6
muay-thai,uppercut,35,16,19,13,3,28,3,4
muay-thai,low-kick,37,11,10,20,7,32,3,2
muay-thai,knee-strikes,37,17,16,15,6,34,3,0
muay-thai,holding-thai-pads,38,4,26,10,2,28,5,5
muay-thai,checking-kicks,34,41,14,15,5,23,5,6
muay-thai,elbow-strikes,35,14,17,12,6,31,1,3
muay-thai,clinch-basics,37,14,20,13,4,29,5,3
muay-thai,combinations,34,17,9,20,5,27,7,0
muay-thai,shin-conditioning,35,32,21,11,3,27,3,5
muay-thai,sparring-for-beginners,36,62,24,8,4,31,5,0
muay-thai,catching-kicks,33,13,9,22,2,27,4,2
muay-thai,defending-the-teep,36,41,10,23,3,29,5,2
muay-thai,defending-body-kicks,34,57,9,20,5,23,7,4
muay-thai,setting-up-kicks-with-punches,34,65,1,27,6,28,3,3
muay-thai,long-guard,34,7,10,17,7,26,6,2
muay-thai,head-movement,35,6,12,21,2,28,4,3
muay-thai,defending-elbows-and-knees,25,187,3,20,2,18,3,4
muay-thai,switch-kick,37,3,13,22,2,30,5,2
muay-thai,sweeps-trips-and-dumps,34,26,5,21,8,25,3,6
muay-thai,spinning-back-kick,33,29,14,13,6,28,3,2
muay-thai,dutch-kickboxing-style,34,30,5,22,7,28,5,1
padel,choosing-a-padel-racket,37,11,30,5,2,33,2,2
padel,padel-rules,34,55,27,7,0,29,3,2
padel,continental-grip,36,47,26,6,4,30,5,1
padel,padel-footwork,34,20,8,20,6,28,5,1
padel,forehand-groundstroke,34,47,19,14,1,30,0,4
padel,backhand-groundstroke,34,45,14,18,2,30,1,3
padel,serve-first-volley,33,32,6,26,1,29,2,2
padel,return-of-serve,43,31,8,26,9,36,4,3
padel,playing-with-your-partner,35,52,11,20,4,30,3,2
padel,volley-technique,40,26,13,18,9,34,4,2
padel,lob,37,53,10,21,6,32,4,1
padel,court-positioning,35,19,10,20,5,30,3,2
padel,glass-defense,37,31,12,18,7,34,2,1
padel,coming-off-the-wall,42,33,9,25,8,36,3,3
padel,defending-from-the-back,36,19,14,19,3,30,3,3
padel,net-positioning,39,28,11,23,5,32,3,4
padel,transition-to-net,33,45,4,22,7,27,4,2
padel,bandeja,45,22,10,30,5,34,6,5
padel,drop-shot,34,74,8,18,8,27,5,2
padel,chiquita,42,34,11,18,13,34,4,4
padel,bajada,39,2,10,16,13,32,4,3
padel,vibora,40,17,6,21,13,32,6,2
padel,smash-x3,41,15,8,15,18,35,3,3
padel,kick-smash,33,12,6,18,9,28,2,3
pickleball,choosing-a-pickleball-paddle,38,22,23,13,2,31,4,3
pickleball,pickleball-rules,38,30,24,14,0,30,3,5
pickleball,kitchen-rules,36,30,26,9,1,30,4,2
pickleball,pickleball-serve,38,5,18,15,5,31,2,5
pickleball,return-of-serve,34,9,15,15,4,28,6,0
pickleball,pickleball-footwork,40,1,15,23,2,31,6,3
pickleball,pickleball-forehand-drive,38,4,16,18,4,28,6,4
pickleball,pickleball-backhand,42,2,13,20,9,31,6,5
pickleball,dink,40,4,9,29,2,30,4,6
pickleball,doubles-positioning,43,12,11,23,9,36,4,3
pickleball,pickleball-volley,37,6,15,15,7,27,6,4
pickleball,third-shot-drop,37,7,11,21,5,30,2,5
pickleball,reset,44,4,13,29,2,32,6,6
pickleball,third-shot-drive,38,21,5,30,3,29,4,5
pickleball,overhead-smash,34,7,20,12,2,26,5,3
pickleball,pickleball-lob,40,3,13,25,2,30,6,4
pickleball,speed-ups,39,5,2,21,16,28,6,5
pickleball,singles-strategy,33,32,8,14,11,29,3,1
pickleball,stacking,37,14,19,13,5,27,6,4
pickleball,around-the-post,31,55,11,16,4,24,4,3
pickleball,erne,37,20,12,14,11,33,1,3
pilates,pilates-for-beginners,41,7,37,4,0,36,3,2
pilates,pilates-breathing,36,4,26,7,3,28,6,2
pilates,neutral-spine,41,1,32,9,0,31,5,5
pilates,reformer-footwork,42,9,21,15,6,36,4,2
pilates,the-hundred,38,80,24,11,3,32,4,2
pilates,pilates-bridge,45,50,29,16,0,37,4,4
pilates,leg-circles,35,75,21,10,4,30,4,1
pilates,single-leg-stretch,35,96,25,9,1,29,3,3
pilates,spine-stretch-forward,34,75,23,8,3,28,4,2
pilates,side-leg-series,39,65,29,8,2,32,5,2
pilates,swan-prep,35,23,13,14,8,31,4,0
pilates,rolling-like-a-ball,36,6,24,7,5,30,2,4
pilates,double-leg-stretch,36,3,22,12,2,31,4,1
pilates,criss-cross,41,2,20,18,3,34,5,2
pilates,the-saw,39,12,28,8,3,34,1,4
pilates,plank-series,35,86,21,9,5,30,3,2
pilates,pilates-swimming,34,2,20,11,3,30,4,0
pilates,roll-up,43,87,24,14,5,31,6,6
pilates,neck-pull,35,4,15,15,5,31,3,1
pilates,roll-over,40,5,16,12,12,36,2,2
pilates,teaser,39,50,15,18,6,33,6,0
running,starting-to-run,40,49,37,3,0,36,2,2
running,choosing-running-shoes,37,17,24,12,1,34,3,0
running,dynamic-warmup,44,58,41,3,0,36,6,2
running,running-form-posture,69,18,36,24,9,62,3,4
running,easy-runs,38,11,16,17,5,31,5,2
running,post-run-stretching,34,12,32,2,0,29,5,0
running,breathing-rhythm,36,44,29,6,1,30,4,2
running,shin-splints,39,4,27,10,2,30,5,4
running,arm-swing,43,61,18,20,5,33,6,4
running,cadence-optimization,34,64,14,16,4,28,3,3
running,strength-for-runners,38,7,17,17,4,32,5,1
running,zone-2-running,33,25,11,20,2,26,3,4
running,long-run,33,25,8,19,6,30,1,2
running,runners-knee,34,7,21,8,5,28,4,2
running,foot-strike,49,49,21,21,7,43,4,2
running,running-drills,67,22,26,33,8,61,5,1
running,strides-form-sprints,49,43,21,21,7,39,6,4
running,plantar-fasciitis,38,3,27,9,2,31,4,3
running,achilles-tendonitis,39,3,21,15,3,30,6,3
running,hill-running,36,75,24,10,2,31,4,1
running,downhill-running,38,101,20,15,3,30,5,3
running,trail-running,34,20,23,9,2,30,2,2
running,hill-repeats,39,18,17,22,0,33,5,1
running,interval-tempo,38,12,16,21,1,29,5,4
running,race-pacing,36,33,16,17,3,30,3,3
running,marathon-fuelling,33,55,13,19,1,27,3,3
running,marathon-taper,35,23,17,15,3,28,3,4
skiing,ski-boot-fitting,39,10,24,8,7,31,4,4
skiing,how-to-ski-for-beginners,36,35,31,5,0,30,6,0
skiing,ski-stance-and-body-position,40,9,13,18,9,31,6,3
skiing,how-to-use-a-ski-lift,30,150,29,1,0,23,5,2
skiing,getting-up-after-a-fall,31,108,30,0,1,25,6,0
skiing,how-to-stop-on-skis,30,125,19,10,1,24,3,3
skiing,snowplough-turns,35,30,23,10,2,29,1,5
skiing,side-slipping,40,35,22,14,4,29,5,6
skiing,parallel-turns,45,6,20,20,5,35,5,5
skiing,hockey-stop,32,65,18,11,3,24,3,5
skiing,how-to-choose-skis,37,61,23,11,3,31,2,4
skiing,ski-fitness-and-conditioning,37,20,16,17,4,34,2,1
skiing,pole-plant,40,2,14,17,9,31,3,6
skiing,short-turns,36,8,2,21,13,28,4,4
skiing,carving-on-skis,42,10,9,20,13,30,6,6
skiing,skiing-on-ice,33,175,4,21,8,27,6,0
skiing,skiing-steeps,34,50,2,20,12,23,5,6
skiing,skiing-moguls,36,40,13,18,5,26,4,6
skiing,skiing-powder,36,53,10,23,3,26,5,5
skiing,how-to-jump-on-skis,38,50,16,13,9,32,2,4
skiing,avalanche-safety,37,15,26,9,2,33,2,2
snowboarding,how-to-snowboard-for-beginners,40,48,37,3,0,31,4,5
snowboarding,snowboard-stance-and-binding-angles,40,9,19,11,10,32,3,5
snowboarding,riding-the-chairlift,36,40,35,1,0,26,6,4
snowboarding,how-to-stop-on-a-snowboard,31,125,21,8,2,23,4,4
snowboarding,falling-leaf,29,36,26,3,0,22,4,3
snowboarding,heelside-turns,40,19,11,21,8,30,6,4
snowboarding,toeside-turns,41,11,21,14,6,29,6,6
snowboarding,linking-turns,42,10,24,15,3,33,4,5
snowboarding,snowboard-carving,41,11,13,13,15,32,4,5
snowboarding,how-to-choose-a-snowboard,34,44,28,5,1,30,2,2
snowboarding,riding-switch,36,27,28,7,1,31,4,1
snowboarding,ollie-on-a-snowboard,42,9,29,12,1,32,6,4
snowboarding,butters,33,18,18,8,7,26,3,4
snowboarding,riding-moguls,30,68,15,9,6,24,4,2
snowboarding,riding-powder,32,84,19,9,4,26,2,4
snowboarding,frontside-180,36,7,23,11,2,28,6,2
snowboarding,backside-180,41,7,17,19,5,35,6,0
snowboarding,park-jumps,37,25,16,17,4,27,5,5
snowboarding,boxes-and-rails,36,14,16,18,2,27,5,4
snowboarding,avalanche-safety,41,29,25,12,4,36,2,3
soccer,ball-mastery,52,37,33,14,5,48,4,0
soccer,first-touch,62,31,30,29,3,55,4,3
soccer,passing-technique,55,25,24,24,7,49,3,3
soccer,dribbling-close-control,72,17,41,27,4,65,5,2
soccer,juggling,39,46,23,13,3,33,4,2
soccer,shielding-the-ball,38,12,29,8,1,29,5,4
soccer,finishing-shooting,76,16,29,34,13,72,4,0
soccer,weak-foot-development,35,53,24,11,0,31,3,1
soccer,turning-with-the-ball,36,48,22,12,2,30,3,3
soccer,heading,35,36,27,8,0,27,6,2
soccer,long-passing,40,43,13,22,5,30,7,3
soccer,off-the-ball-movement,33,84,7,17,9,29,3,1
soccer,defending-1v1,38,16,21,14,3,30,5,3
soccer,how-to-tackle,31,137,18,13,0,21,4,6
soccer,crossing,41,25,12,25,4,32,5,4
soccer,1v1-moves,63,23,30,25,8,58,3,2
soccer,step-overs,44,47,26,13,5,34,5,5
soccer,volley-technique,33,29,19,11,3,27,4,2
soccer,penalty-technique,36,60,18,10,8,29,5,2
soccer,la-croqueta,40,61,32,7,1,33,4,3
soccer,free-kick-technique,44,55,27,15,2,36,4,4
surfing,board-choice,38,70,7,21,10,31,3,4
surfing,surf-etiquette,39,89,33,5,1,32,4,3
surfing,rip-currents,39,11,35,3,1,31,3,5
surfing,waxing-a-surfboard,36,8,34,1,1,30,5,1
surfing,surf-stance,40,74,18,19,3,32,4,4
surfing,paddling-technique,44,68,28,16,0,36,4,4
surfing,pop-up,56,33,26,11,1,20,36,0
surfing,falling-off-safely,29,255,22,5,2,22,2,5
surfing,paddling-out,36,19,17,17,2,30,3,3
surfing,surf-forecast,34,31,25,6,3,30,1,3
surfing,turtle-roll,34,24,31,3,0,29,3,2
surfing,wave-selection,36,53,18,16,2,33,1,2
surfing,lineup-positioning,36,46,18,17,1,32,2,2
surfing,takeoff-timing,34,45,11,14,9,28,4,2
surfing,catching-a-green-wave,37,13,19,17,1,32,3,2
surfing,trimming,34,45,14,13,7,30,3,1
surfing,duck-dive,35,68,25,6,4,31,2,2
surfing,generating-speed,39,7,7,26,6,35,3,1
surfing,ding-repair,38,10,27,8,3,29,6,3
surfing,bottom-turn,38,55,12,19,7,30,3,5
surfing,top-turn,35,25,8,20,7,30,5,0
surfing,cutback,39,39,19,14,6,32,4,3
surfing,cross-stepping,35,3,16,17,2,30,4,1
surfing,floater,28,72,15,11,2,23,3,2
swimming,breath-control,39,6,19,17,3,36,3,0
swimming,floating,40,10,36,4,0,30,5,5
swimming,treading-water,38,3,31,6,1,29,5,4
swimming,streamline-pushoff,36,27,15,17,4,31,3,2
swimming,freestyle-kick,48,43,12,28,8,44,4,0
swimming,swimming-without-getting-tired,40,14,19,18,3,35,5,0
swimming,backstroke-kick,34,14,18,13,3,28,4,2
swimming,backstroke-technique,48,39,9,26,13,41,4,3
swimming,body-rotation,49,40,8,36,5,43,4,2
swimming,bilateral-breathing,48,42,17,28,3,39,6,3
swimming,freestyle-catch,47,46,4,31,12,43,3,1
swimming,breaststroke-kick,41,2,18,16,7,32,5,4
swimming,breaststroke-pull,37,18,6,20,11,30,4,3
swimming,breaststroke-timing,47,48,13,25,9,37,5,5
swimming,pull-buoy,38,33,20,18,0,31,2,5
swimming,sculling-drills,34,93,13,18,3,30,3,1
swimming,open-turn,34,55,18,12,4,30,1,3
swimming,open-water-sighting,36,14,21,15,0,30,4,2
swimming,flip-turn,37,50,15,19,3,34,2,1
swimming,racing-dive,39,26,21,14,4,32,3,4
swimming,butterfly-undulation,35,11,13,18,4,30,3,2
swimming,butterfly-timing,34,50,8,22,4,30,1,3
table-tennis,shakehand-grip,38,20,19,15,4,30,6,2
table-tennis,penhold-grip,38,20,13,11,14,34,2,2
table-tennis,ready-position,33,26,15,14,4,26,4,3
table-tennis,table-tennis-footwork,41,6,11,23,7,35,5,1
table-tennis,forehand-drive,37,7,23,12,2,34,3,0
table-tennis,backhand-drive,38,9,22,13,3,33,2,3
table-tennis,forehand-push,35,16,15,10,10,31,3,1
table-tennis,backhand-push,39,9,19,14,6,34,2,3
table-tennis,block,36,11,8,21,7,32,3,1
table-tennis,reading-spin,37,63,8,26,3,33,3,1
table-tennis,serve-return,34,3,8,21,5,31,3,0
table-tennis,backspin-serve,35,9,13,15,7,31,4,0
table-tennis,topspin-serve,39,50,3,29,7,34,3,2
table-tennis,sidespin-serve,36,28,13,17,6,32,4,0
table-tennis,forehand-topspin,39,1,13,16,10,32,4,3
table-tennis,backhand-topspin,37,6,10,21,6,33,3,1
table-tennis,looping-against-backspin,34,6,8,22,4,30,2,2
table-tennis,forehand-flick,37,10,12,17,8,30,5,2
table-tennis,backhand-flick,38,9,9,16,13,33,2,3
table-tennis,forehand-smash,30,98,14,14,2,25,3,2
table-tennis,doubles-rules-and-rotation,17,58,11,5,1,15,2,0
table-tennis,choosing-a-blade-and-rubber,33,14,13,9,11,29,3,1
table-tennis,chopping,36,45,14,17,5,30,5,1
table-tennis,lob,15,111,11,3,1,10,5,0
tennis,choosing-a-tennis-racket,42,17,31,11,0,34,5,3
tennis,tennis-scoring,34,33,30,4,0,25,5,4
tennis,grip-fundamentals,40,16,27,13,0,34,4,2
tennis,footwork-split-step,79,28,26,40,13,69,6,4
tennis,forehand,90,6,15,50,25,81,5,4
tennis,two-handed-backhand,68,25,15,40,13,59,4,5
tennis,serve-technique,87,9,21,45,21,78,6,3
tennis,return-of-serve,62,34,24,29,9,50,6,6
tennis,volley,75,15,7,53,15,70,4,1
tennis,topspin,75,16,19,43,13,64,6,5
tennis,second-serve,46,6,4,36,6,35,5,6
tennis,approach-shot,36,6,4,26,6,30,1,5
tennis,tennis-elbow,38,7,26,10,2,34,3,1
tennis,lob,39,25,8,25,6,32,4,3
tennis,overhead-smash,42,28,4,34,4,35,5,2
tennis,slice-backhand,43,34,8,28,7,31,6,6
tennis,doubles-strategy,35,3,2,26,7,30,4,1
tennis,singles-strategy,34,4,6,23,5,30,4,0
tennis,drop-shot,38,9,8,24,6,31,3,4
tennis,half-volley,35,11,12,17,6,32,1,2
tennis,slice-serve,40,1,13,16,11,31,5,4
tennis,kick-serve,59,32,12,29,18,53,3,3
tennis,one-handed-backhand,74,15,13,35,26,64,6,4
yoga,yoga-for-beginners,39,7,35,4,0,35,2,2
yoga,pranayama-breathing,39,52,31,5,3,33,2,4
yoga,restorative-yoga,35,4,35,0,0,31,2,2
yoga,yoga-for-back-pain,40,5,38,2,0,36,3,1
yoga,downward-dog,39,57,23,11,5,29,6,4
yoga,tree-pose-balance,37,53,27,10,0,30,4,3
yoga,warrior-poses,41,85,21,18,2,32,6,3
yoga,seated-forward-fold,40,78,30,10,0,31,6,3
yoga,seated-spinal-twist,34,9,25,5,4,30,2,2
yoga,chaturanga,41,84,28,11,2,30,6,5
yoga,sun-salutation,37,34,30,6,1,34,3,0
yoga,triangle-pose,37,3,11,17,9,30,6,1
yoga,yin-yoga,35,2,33,2,0,31,4,0
yoga,hip-openers,62,31,45,16,1,58,3,1
yoga,bridge-wheel-backbend,34,12,13,13,8,27,4,3
yoga,camel-pose,36,11,22,13,1,33,2,1
yoga,shoulderstand,35,21,20,11,4,30,2,3
yoga,crow-pose,54,30,24,6,4,14,40,0
yoga,splits,38,10,24,14,0,33,2,3
yoga,headstand,34,4,19,8,7,27,3,4
yoga,forearm-stand,34,4,19,13,2,29,3,2
yoga,handstand,37,4,9,18,10,30,4,3
